文件名,单物相1,分数1,单物相2,分数2,单物相3,分数3,单物相4,分数4,单物相5,分数5,单物相6,分数6,单物相7,分数7,单物相8,分数8,单物相9,分数9,单物相10,分数10,单物相11,分数11,单物相12,分数12,单物相13,分数13,单物相14,分数14,单物相15,分数15,单物相16,分数16,单物相17,分数17,单物相18,分数18,单物相19,分数19,单物相20,分数20,单物相21,分数21,单物相22,分数22,单物相23,分数23,单物相24,分数24,单物相25,分数25,单物相26,分数26,单物相27,分数27,单物相28,分数28,单物相29,分数29,单物相30,分数30,多物相1,分数1,多物相2,分数2,多物相3,分数3,多物相4,分数4,多物相5,分数5,多物相6,分数6,多物相7,分数7,多物相8,分数8,多物相9,分数9,多物相10,分数10,多物相11,分数11,多物相12,分数12,多物相13,分数13,多物相14,分数14,多物相15,分数15,多物相16,分数16,多物相17,分数17,多物相18,分数18,多物相19,分数19,多物相20,分数20,多物相21,分数21,多物相22,分数22,多物相23,分数23,多物相24,分数24,多物相25,分数25,多物相26,分数26,多物相27,分数27,多物相28,分数28,多物相29,分数29,多物相30,分数30,备注
s-ethane-1,Hematophanite__R0706...,0.490,Hematophanite__R0706...,0.489,Plattnerite__R070605...,0.484,Muscovite__R100147__...,0.452,Paragonite__R050447_...,0.449,Paralaurionite__R050...,0.446,serpentine-1,0.443,Geikielite__R070479_...,0.433,magnesite-1,0.433,Paragonite__R050447_...,0.430,Indium__R060771__Ram...,0.417,Paralaurionite__R050...,0.416,Muscovite__R100147__...,0.402,Muscovite__R050080__...,0.396,magnesite-3,0.391,Muscovite__R050080__...,0.382,Muirite__R140248__Ra...,0.379,Muscovite__R060182__...,0.375,Muscovite__R100147__...,0.374,Trilithionite__R0401...,0.368,Geikielite__R070479_...,0.364,Miersite__R110034__R...,0.363,Corvusite__R060265__...,0.362,Muscovite__R050198__...,0.361,Zincocopiapite__R060...,0.361,Trilithionite__R0401...,0.360,Geikielite__R070479_...,0.352,Diaboleite__R050270_...,0.348,Tsumgallite__R100125...,0.348,Muscovite__R050188__...,0.348,Paralaurioni...(0.70)+magnesite-1(0.30),0.564,Paralaurioni...(0.70)+serpentine-1(0.30),0.563,magnesite-1(0.33)+Paralaurioni...(0.67),0.553,serpentine-1(0.33)+Paralaurioni...(0.67),0.546,serpentine-1(0.51)+magnesite-1(0.49),0.528,Hematophanit...(0.70)+serpentine-1(0.30),0.520,Paralaurioni...(0.67)+magnesite-3(0.33),0.516,Plattnerite_...(0.68)+magnesite-1(0.32),0.515,Muscovite__R...(0.61)+magnesite-1(0.39),0.515,Paralaurioni...(0.65)+magnesite-3(0.35),0.514,Hematophanit...(0.69)+magnesite-1(0.31),0.510,Hematophanit...(0.46)+Paralaurioni...(0.29)+serpentine-1(0.25),0.510,Hematophanit...(0.69)+serpentine-1(0.31),0.507,Hematophanit...(0.67)+serpentine-1(0.13)+magnesite-1(0.21),0.506,magnesite-1(0.33)+Indium__R060...(0.67),0.505,Hematophanit...(0.46)+Paralaurioni...(0.30)+serpentine-1(0.25),0.501,Hematophanit...(0.49)+Paralaurioni...(0.25)+magnesite-1(0.25),0.500,Plattnerite_...(0.43)+Paralaurioni...(0.32)+magnesite-1(0.25),0.498,Hematophanit...(0.69)+magnesite-1(0.31),0.498,Hematophanit...(0.67)+serpentine-1(0.13)+magnesite-1(0.21),0.497,Hematophanit...(0.65)+serpentine-1(0.15)+magnesite-3(0.20),0.495,Hematophanit...(0.64)+serpentine-1(0.30)+Paralaurioni...(0.06),0.493,serpentine-1(0.39)+magnesite-3(0.61),0.492,Hematophanit...(0.49)+Paralaurioni...(0.26)+magnesite-1(0.25),0.492,Hematophanit...(0.70)+Hematophanit...(0.00)+serpentine-1(0.30),0.490,Hematophanit...(0.46)+Hematophanit...(0.00)+Paralaurioni...(0.29)+serpentine-1(0.25),0.488,Hematophanit...(0.65)+serpentine-1(0.15)+magnesite-3(0.20),0.487,Hematophanit...(0.67)+Hematophanit...(0.00)+serpentine-1(0.13)+magnesite-1(0.21),0.486,Hematophanit...(0.48)+Hematophanit...(0.00)+Paralaurioni...(0.24)+serpentine-1(0.11)+magnesite-1(0.17),0.485,Hematophanit...(0.63)+magnesite-1(0.30)+Paralaurioni...(0.07),0.485,
s-ethane-2,magnesite-1,0.550,Hematophanite__R0706...,0.520,serpentine-4,0.509,Hematophanite__R0706...,0.504,Paralaurionite__R050...,0.502,magnesite-3,0.475,serpentine-1,0.471,Plattnerite__R070605...,0.443,Paragonite__R050447_...,0.442,serpentine-2,0.439,Paralaurionite__R050...,0.432,Paragonite__R050447_...,0.428,Muirite__R120160__Ra...,0.404,Fizelyite__R060175_b...,0.392,Muscovite__R050198__...,0.387,Muscovite__R050198__...,0.386,Muirite__R140248__Ra...,0.385,Dickthomssenite__R07...,0.382,Indium__R060771__Ram...,0.377,Geikielite__R070479_...,0.375,Topaz__R060024__Rama...,0.372,Pararealgar__R150123...,0.371,talc-2,0.368,Topaz__R060024__Rama...,0.364,Veenite__R130407__Ra...,0.363,Paralaurionite__R100...,0.361,Uchucchacuaite__R070...,0.361,Lorandite__R110055__...,0.354,Lorandite__R110055__...,0.353,Topaz__R050404__Rama...,0.351,magnesite-1(1.00),0.548,magnesite-1(0.47)+Paralaurioni...(0.53),0.545,serpentine-4(0.45)+Paralaurioni...(0.55),0.535,magnesite-1(0.47)+Paralaurioni...(0.53)+Fizelyite__R...(0.00),0.517,Paralaurioni...(0.50)+magnesite-3(0.50),0.507,magnesite-1(0.63)+Fizelyite__R...(0.37),0.507,magnesite-1(0.39)+Paralaurioni...(0.51)+serpentine-1(0.10),0.503,serpentine-4(1.00),0.501,magnesite-1(0.44)+Paralaurioni...(0.39)+Muirite__R12...(0.16),0.500,magnesite-1(0.34)+serpentine-4(0.15)+Paralaurioni...(0.51),0.500,Paralaurioni...(0.58)+serpentine-2(0.42),0.500,magnesite-1(0.45)+Hematophanit...(0.55),0.496,Hematophanit...(0.57)+serpentine-4(0.43),0.495,magnesite-1(0.53)+Muirite__R12...(0.47),0.495,magnesite-1(0.40)+Paralaurioni...(0.51)+serpentine-2(0.09),0.494,magnesite-1(0.47)+Paralaurioni...(0.53)+Paralaurioni...(0.00),0.494,Paralaurioni...(0.54)+serpentine-1(0.46),0.493,serpentine-4(0.23)+Paralaurioni...(0.48)+magnesite-3(0.29),0.492,magnesite-1(0.43)+Paralaurioni...(0.40)+Muscovite__R...(0.16),0.491,magnesite-1(0.45)+Hematophanit...(0.55)+Fizelyite__R...(0.00),0.491,serpentine-4(0.63)+Fizelyite__R...(0.37),0.490,magnesite-1(0.45)+Hematophanit...(0.55),0.488,serpentine-4(0.43)+Hematophanit...(0.57),0.485,serpentine-4(0.45)+Paralaurioni...(0.55)+Fizelyite__R...(0.00),0.485,magnesite-1(0.38)+Hematophanit...(0.53)+serpentine-1(0.09),0.485,magnesite-1(0.61)+Paralaurioni...(0.39),0.485,magnesite-1(0.45)+Hematophanit...(0.55)+Fizelyite__R...(0.00),0.485,magnesite-1(0.47)+Paragonite__...(0.53),0.483,magnesite-1(0.47)+Plattnerite_...(0.53),0.482,magnesite-1(0.33)+Hematophanit...(0.54)+serpentine-4(0.14),0.482,
s-ethane-3,Dendoraite-(NH4)__R2...,0.290,Dendoraite-(NH4)__R2...,0.290,Hydroxylbastnasite-(...,0.287,Hydroxylbastnasite-(...,0.286,Parisite-(Ce)__R1200...,0.273,Parisite-(Ce)__R1200...,0.271,Sazhinite-(La)__R120...,0.262,Vladimirivanovite__R...,0.258,Sazhinite-(La)__R120...,0.256,Parisite-(Ce)__R0503...,0.256,Hydroxylbastnasite-(...,0.255,Parisite-(Ce)__R0503...,0.255,Dresserite__R060304_...,0.251,Lokkaite-(Y)__R06109...,0.250,Hydroxylbastnasite-(...,0.249,Caysichite-(Y)__R080...,0.247,Caysichite-(Y)__R080...,0.246,Lokkaite-(Y)__R06109...,0.244,Synchysite-(Ce)__R06...,0.244,Parisite-(Ce)__R0503...,0.243,Parisite-(Ce)__R0503...,0.243,Synchysite-(Ce)__R06...,0.243,Benstonite__R050484_...,0.243,Benstonite__R050484_...,0.243,Magnesite__R050443__...,0.242,Magnesite__R050443__...,0.242,Nesquehonite__R05063...,0.242,Benstonite__R050484_...,0.241,Benstonite__R050484_...,0.241,Paratooite-(La)__R11...,0.233,Dendoraite-(...(0.51)+Hydroxylbast...(0.43)+Vladimirivan...(0.06),0.428,Dendoraite-(...(0.51)+Hydroxylbast...(0.43)+Vladimirivan...(0.06),0.428,Dendoraite-(...(0.54)+Sazhinite-(L...(0.39)+Vladimirivan...(0.07),0.427,Dendoraite-(...(0.54)+Parisite-(Ce...(0.41)+Vladimirivan...(0.05),0.427,Dendoraite-(...(0.53)+Parisite-(Ce...(0.42)+Vladimirivan...(0.05),0.427,Dendoraite-(...(0.00)+Dendoraite-(...(0.54)+Sazhinite-(L...(0.39)+Vladimirivan...(0.07),0.427,Dendoraite-(...(0.00)+Dendoraite-(...(0.54)+Parisite-(Ce...(0.41)+Vladimirivan...(0.05),0.426,Dendoraite-(...(0.55)+Vladimirivan...(0.07)+Sazhinite-(L...(0.38),0.426,Dendoraite-(...(0.00)+Dendoraite-(...(0.53)+Parisite-(Ce...(0.42)+Vladimirivan...(0.05),0.426,Dendoraite-(...(0.53)+Sazhinite-(L...(0.40)+Vladimirivan...(0.08),0.426,Dendoraite-(...(0.56)+Vladimirivan...(0.05)+Hydroxylbast...(0.39),0.426,Dendoraite-(...(0.00)+Dendoraite-(...(0.55)+Vladimirivan...(0.07)+Sazhinite-(L...(0.38),0.426,Dendoraite-(...(0.53)+Parisite-(Ce...(0.42)+Vladimirivan...(0.06),0.425,Dendoraite-(...(0.00)+Dendoraite-(...(0.56)+Vladimirivan...(0.05)+Hydroxylbast...(0.39),0.425,Dendoraite-(...(0.54)+Vladimirivan...(0.08)+Sazhinite-(L...(0.39),0.425,Dendoraite-(...(0.00)+Dendoraite-(...(0.51)+Hydroxylbast...(0.43)+Vladimirivan...(0.06),0.425,Dendoraite-(...(0.52)+Parisite-(Ce...(0.42)+Vladimirivan...(0.06),0.425,Dendoraite-(...(0.55)+Vladimirivan...(0.06)+Hydroxylbast...(0.40),0.424,Dendoraite-(...(0.00)+Dendoraite-(...(0.51)+Hydroxylbast...(0.43)+Vladimirivan...(0.06),0.424,Dendoraite-(...(0.00)+Dendoraite-(...(0.51)+Hydroxylbast...(0.43)+Hydroxylbast...(0.00)+Vladimirivan...(0.06),0.424,Dendoraite-(...(0.59)+Vladimirivan...(0.07)+Lokkaite-(Y)...(0.35),0.424,Dendoraite-(...(0.49)+Hydroxylbast...(0.44)+Vladimirivan...(0.07),0.424,Dendoraite-(...(0.56)+Vladimirivan...(0.05)+Hydroxylbast...(0.39),0.423,Dendoraite-(...(0.00)+Dendoraite-(...(0.59)+Vladimirivan...(0.07)+Lokkaite-(Y)...(0.35),0.423,Dendoraite-(...(0.49)+Hydroxylbast...(0.44)+Vladimirivan...(0.07),0.423,Dendoraite-(...(0.49)+Hydroxylbast...(0.44)+Hydroxylbast...(0.00)+Vladimirivan...(0.07),0.423,Dendoraite-(...(0.00)+Dendoraite-(...(0.56)+Vladimirivan...(0.05)+Hydroxylbast...(0.39),0.423,Dendoraite-(...(0.00)+Dendoraite-(...(0.45)+Parisite-(Ce...(0.26)+Sazhinite-(L...(0.23)+Vladimirivan...(0.06),0.423,Dendoraite-(...(0.00)+Dendoraite-(...(0.46)+Parisite-(Ce...(0.26)+Sazhinite-(L...(0.23)+Vladimirivan...(0.06),0.423,Dendoraite-(...(0.00)+Dendoraite-(...(0.54)+Parisite-(Ce...(0.00)+Parisite-(Ce...(0.41)+Vladimirivan...(0.05),0.422,
s-ethane-4,Dendoraite-(NH4)__R2...,0.283,Dendoraite-(NH4)__R2...,0.283,Hydroxylbastnasite-(...,0.278,Hydroxylbastnasite-(...,0.277,Afmite__R130082__Ram...,0.267,Dresserite__R060304_...,0.266,Parisite-(Ce)__R1200...,0.265,Kimuraite-(Y)__R0505...,0.264,Parisite-(Ce)__R0503...,0.262,Parisite-(Ce)__R0503...,0.261,Parisite-(Ce)__R1200...,0.261,Sazhinite-(La)__R120...,0.256,Sazhinite-(La)__R120...,0.250,Synchysite-(Ce)__R06...,0.248,magnesite-2,0.244,Magnesite__R050443__...,0.243,Benstonite__R050484_...,0.243,Magnesite__R050443__...,0.243,Synchysite-(Ce)__R06...,0.242,Hydroxylbastnasite-(...,0.242,Hydroxylbastnasite-(...,0.241,Magnesite__R040114__...,0.240,Magnesite__R040114__...,0.240,Caysichite-(Y)__R080...,0.239,Parisite-(Ce)__R0503...,0.238,Parisite-(Ce)__R0503...,0.238,Benstonite__R050484_...,0.238,Caysichite-(Y)__R080...,0.237,Benstonite__R050484_...,0.237,Gaspeite__R040157__R...,0.237,Dendoraite-(...(0.39)+Dendoraite-(...(0.00)+Afmite__R130...(0.05)+Parisite-(Ce...(0.37)+magnesite-2(0.19),0.461,Dendoraite-(...(0.39)+Dendoraite-(...(0.00)+Afmite__R130...(0.05)+Parisite-(Ce...(0.36)+magnesite-2(0.19),0.459,Dendoraite-(...(0.36)+Hydroxylbast...(0.41)+Afmite__R130...(0.05)+magnesite-2(0.18),0.454,Dendoraite-(...(0.36)+Hydroxylbast...(0.41)+Afmite__R130...(0.05)+magnesite-2(0.18),0.454,Dendoraite-(...(0.36)+Dendoraite-(...(0.00)+Hydroxylbast...(0.41)+Afmite__R130...(0.05)+magnesite-2(0.18),0.454,Dendoraite-(...(0.36)+Dendoraite-(...(0.00)+Hydroxylbast...(0.41)+Afmite__R130...(0.05)+magnesite-2(0.18),0.453,Dendoraite-(...(0.36)+Dendoraite-(...(0.00)+Hydroxylbast...(0.41)+Hydroxylbast...(0.00)+Afmite__R130...(0.05)+magnesite-2(0.18),0.453,Dendoraite-(...(0.43)+Dendoraite-(...(0.00)+Afmite__R130...(0.05)+Sazhinite-(L...(0.35)+magnesite-2(0.18),0.453,Dendoraite-(...(0.43)+Dendoraite-(...(0.00)+Afmite__R130...(0.04)+Sazhinite-(L...(0.34)+magnesite-2(0.18),0.452,Dendoraite-(...(0.39)+Dendoraite-(...(0.00)+Afmite__R130...(0.05)+Parisite-(Ce...(0.38)+magnesite-2(0.18),0.450,Dendoraite-(...(0.38)+Dendoraite-(...(0.00)+Afmite__R130...(0.05)+Parisite-(Ce...(0.39)+magnesite-2(0.18),0.449,Dendoraite-(...(0.69)+Dendoraite-(...(0.00)+Afmite__R130...(0.06)+magnesite-2(0.24),0.446,Dendoraite-(...(0.69)+Afmite__R130...(0.06)+magnesite-2(0.24),0.444,Dendoraite-(...(0.35)+Dendoraite-(...(0.00)+Hydroxylbast...(0.32)+Afmite__R130...(0.05)+Parisite-(Ce...(0.10)+magnesite-2(0.18),0.444,Dendoraite-(...(0.35)+Dendoraite-(...(0.00)+Hydroxylbast...(0.32)+Hydroxylbast...(0.00)+Afmite__R130...(0.05)+Parisite-(Ce...(0.10)+magnesite-2(0.18),0.444,Dendoraite-(...(0.38)+Dendoraite-(...(0.00)+Hydroxylbast...(0.36)+Kimuraite-(Y...(0.08)+magnesite-2(0.18),0.443,Dendoraite-(...(0.38)+Dendoraite-(...(0.00)+Hydroxylbast...(0.36)+Hydroxylbast...(0.00)+Kimuraite-(Y...(0.08)+magnesite-2(0.18),0.443,Dendoraite-(...(0.38)+Dendoraite-(...(0.00)+Hydroxylbast...(0.36)+Kimuraite-(Y...(0.08)+magnesite-2(0.18),0.443,Dendoraite-(...(0.35)+Dendoraite-(...(0.00)+Hydroxylbast...(0.33)+Afmite__R130...(0.05)+Parisite-(Ce...(0.10)+magnesite-2(0.18),0.443,Dendoraite-(...(0.35)+Dendoraite-(...(0.00)+Hydroxylbast...(0.33)+Hydroxylbast...(0.00)+Afmite__R130...(0.05)+Parisite-(Ce...(0.10)+magnesite-2(0.18),0.443,Dendoraite-(...(0.35)+Dendoraite-(...(0.00)+Hydroxylbast...(0.35)+Afmite__R130...(0.05)+Sazhinite-(L...(0.07)+magnesite-2(0.17),0.442,Dendoraite-(...(0.35)+Dendoraite-(...(0.00)+Hydroxylbast...(0.35)+Hydroxylbast...(0.00)+Afmite__R130...(0.05)+Sazhinite-(L...(0.07)+magnesite-2(0.17),0.442,Dendoraite-(...(0.35)+Dendoraite-(...(0.00)+Hydroxylbast...(0.36)+Afmite__R130...(0.05)+Sazhinite-(L...(0.06)+magnesite-2(0.17),0.442,Dendoraite-(...(0.35)+Dendoraite-(...(0.00)+Hydroxylbast...(0.36)+Hydroxylbast...(0.00)+Afmite__R130...(0.05)+Sazhinite-(L...(0.06)+magnesite-2(0.17),0.442,Dendoraite-(...(0.68)+Afmite__R130...(0.07)+magnesite-2(0.25),0.441,Dendoraite-(...(0.54)+Dendoraite-(...(0.00)+Afmite__R130...(0.05)+Parisite-(Ce...(0.40),0.441,Dendoraite-(...(0.41)+Dendoraite-(...(0.00)+Afmite__R130...(0.06)+Dresserite__...(0.35)+magnesite-2(0.19),0.441,Dendoraite-(...(0.43)+Dendoraite-(...(0.00)+Afmite__R130...(0.05)+Kimuraite-(Y...(0.34)+magnesite-2(0.18),0.440,Dendoraite-(...(0.54)+Dendoraite-(...(0.00)+Afmite__R130...(0.05)+Parisite-(Ce...(0.40)+Parisite-(Ce...(0.00),0.440,Dendoraite-(...(0.55)+Dendoraite-(...(0.00)+Afmite__R130...(0.05)+Parisite-(Ce...(0.40),0.440,
s-ethane-5,Dendoraite-(NH4)__R2...,0.311,Dendoraite-(NH4)__R2...,0.309,Hydroxylbastnasite-(...,0.283,Hydroxylbastnasite-(...,0.282,Caysichite-(Y)__R080...,0.266,Caysichite-(Y)__R080...,0.264,Parisite-(Ce)__R0503...,0.262,Parisite-(Ce)__R0503...,0.261,Dresserite__R060304_...,0.261,Caysichite-(Y)__R080...,0.257,Parisite-(Ce)__R1200...,0.251,Parisite-(Ce)__R1200...,0.247,Synchysite-(Ce)__R06...,0.242,Synchysite-(Ce)__R06...,0.241,Benstonite__R050484_...,0.240,Benstonite__R050484_...,0.239,Benstonite__R050484_...,0.238,Hydroxylbastnasite-(...,0.238,Hydroxylbastnasite-(...,0.238,Afmite__R130082__Ram...,0.235,Benstonite__R050484_...,0.234,Gaspeite__R040157__R...,0.234,Gaspeite__R040157__R...,0.233,Paulisite__R250092__...,0.231,Paulisite__R250092__...,0.231,Sazhinite-(La)__R120...,0.230,Paratooite-(La)__R11...,0.229,Paratooite-(La)__R11...,0.228,Parisite-(Ce)__R0503...,0.227,Parisite-(Ce)__R0503...,0.227,Dendoraite-(...(0.00)+Dendoraite-(...(0.52)+Hydroxylbast...(0.23)+Caysichite-(...(0.06)+Benstonite__...(0.19),0.395,Dendoraite-(...(0.00)+Dendoraite-(...(0.52)+Hydroxylbast...(0.23)+Hydroxylbast...(0.00)+Caysichite-(...(0.06)+Benstonite__...(0.19),0.395,Dendoraite-(...(0.00)+Dendoraite-(...(0.52)+Hydroxylbast...(0.23)+Caysichite-(...(0.06)+Benstonite__...(0.19),0.395,Dendoraite-(...(0.51)+Hydroxylbast...(0.24)+Caysichite-(...(0.06)+Benstonite__...(0.19),0.393,Dendoraite-(...(0.51)+Hydroxylbast...(0.24)+Caysichite-(...(0.06)+Benstonite__...(0.19),0.393,Dendoraite-(...(0.00)+Dendoraite-(...(0.55)+Hydroxylbast...(0.25)+Caysichite-(...(0.10)+Parisite-(Ce...(0.10),0.391,Dendoraite-(...(0.00)+Dendoraite-(...(0.55)+Hydroxylbast...(0.25)+Caysichite-(...(0.10)+Parisite-(Ce...(0.10),0.390,Dendoraite-(...(0.00)+Dendoraite-(...(0.55)+Hydroxylbast...(0.25)+Hydroxylbast...(0.00)+Caysichite-(...(0.10)+Parisite-(Ce...(0.10),0.390,Dendoraite-(...(0.54)+Hydroxylbast...(0.26)+Caysichite-(...(0.10)+Parisite-(Ce...(0.09),0.390,Dendoraite-(...(0.00)+Dendoraite-(...(0.56)+Caysichite-(...(0.15)+Parisite-(Ce...(0.09)+Benstonite__...(0.21),0.390,Dendoraite-(...(0.00)+Dendoraite-(...(0.56)+Caysichite-(...(0.15)+Parisite-(Ce...(0.08)+Benstonite__...(0.21),0.390,Dendoraite-(...(0.55)+Hydroxylbast...(0.26)+Caysichite-(...(0.10)+Parisite-(Ce...(0.09),0.390,Dendoraite-(...(0.00)+Dendoraite-(...(0.55)+Hydroxylbast...(0.25)+Caysichite-(...(0.10)+Parisite-(Ce...(0.10),0.390,Dendoraite-(...(0.55)+Hydroxylbast...(0.26)+Caysichite-(...(0.11)+Parisite-(Ce...(0.09),0.390,Dendoraite-(...(0.00)+Dendoraite-(...(0.55)+Hydroxylbast...(0.25)+Caysichite-(...(0.10)+Parisite-(Ce...(0.10)+Parisite-(Ce...(0.00),0.389,Dendoraite-(...(0.00)+Dendoraite-(...(0.55)+Hydroxylbast...(0.25)+Hydroxylbast...(0.00)+Caysichite-(...(0.10)+Parisite-(Ce...(0.10)+Parisite-(Ce...(0.00),0.389,Dendoraite-(...(0.00)+Dendoraite-(...(0.55)+Hydroxylbast...(0.25)+Caysichite-(...(0.10)+Parisite-(Ce...(0.09),0.389,Dendoraite-(...(0.00)+Dendoraite-(...(0.55)+Hydroxylbast...(0.25)+Hydroxylbast...(0.00)+Caysichite-(...(0.10)+Parisite-(Ce...(0.09),0.389,Dendoraite-(...(0.55)+Hydroxylbast...(0.26)+Caysichite-(...(0.11)+Parisite-(Ce...(0.09),0.389,Dendoraite-(...(0.00)+Dendoraite-(...(0.52)+Hydroxylbast...(0.23)+Caysichite-(...(0.06)+Parisite-(Ce...(0.00)+Benstonite__...(0.19),0.387,Dendoraite-(...(0.00)+Dendoraite-(...(0.52)+Hydroxylbast...(0.23)+Hydroxylbast...(0.00)+Caysichite-(...(0.06)+Parisite-(Ce...(0.00)+Benstonite__...(0.19),0.387,Dendoraite-(...(0.00)+Dendoraite-(...(0.52)+Hydroxylbast...(0.23)+Caysichite-(...(0.06)+Parisite-(Ce...(0.00)+Benstonite__...(0.19),0.386,Dendoraite-(...(0.00)+Dendoraite-(...(0.52)+Hydroxylbast...(0.23)+Hydroxylbast...(0.00)+Caysichite-(...(0.06)+Parisite-(Ce...(0.00)+Benstonite__...(0.19),0.386,Dendoraite-(...(0.56)+Hydroxylbast...(0.29)+Caysichite-(...(0.15),0.386,Dendoraite-(...(0.00)+Dendoraite-(...(0.56)+Hydroxylbast...(0.29)+Caysichite-(...(0.15),0.386,Dendoraite-(...(0.00)+Dendoraite-(...(0.56)+Hydroxylbast...(0.29)+Hydroxylbast...(0.00)+Caysichite-(...(0.15),0.386,Dendoraite-(...(0.56)+Hydroxylbast...(0.29)+Caysichite-(...(0.15),0.385,Dendoraite-(...(0.00)+Dendoraite-(...(0.56)+Hydroxylbast...(0.29)+Caysichite-(...(0.15),0.385,Dendoraite-(...(0.00)+Dendoraite-(...(0.54)+Caysichite-(...(0.13)+Parisite-(Ce...(0.16)+Dresserite__...(0.17),0.385,Dendoraite-(...(0.00)+Dendoraite-(...(0.54)+Caysichite-(...(0.13)+Parisite-(Ce...(0.16)+Dresserite__...(0.17),0.385,
s-methanol-1,magnesite-1,0.485,magnesite-3,0.455,Hematophanite__R0706...,0.429,Paralaurionite__R050...,0.428,Hematophanite__R0706...,0.422,Plattnerite__R070605...,0.405,Paragonite__R050447_...,0.389,Paragonite__R050447_...,0.389,serpentine-1,0.386,serpentine-2,0.384,Indium__R060771__Ram...,0.377,Geikielite__R070479_...,0.376,serpentine-4,0.367,Muirite__R120160__Ra...,0.366,Topaz__R050404__Rama...,0.364,Paralaurionite__R050...,0.360,Topaz__R050404__Rama...,0.355,Muirite__R140248__Ra...,0.350,Dickthomssenite__R07...,0.348,Topaz__R060024__Rama...,0.339,Muscovite__R100147__...,0.337,Laurionite__R140025_...,0.336,Geikielite__R070479_...,0.336,Topaz__R040121__Rama...,0.335,Topaz__R060024__Rama...,0.334,Topaz__R050405__Rama...,0.332,talc-2,0.331,Paralaurionite__R100...,0.330,Muirite__R140248__Ra...,0.328,Paralaurionite__R100...,0.327,magnesite-1(0.41)+Paralaurioni...(0.59),0.485,magnesite-1(1.00),0.484,magnesite-1(0.37)+Paralaurioni...(0.44)+Topaz__R0504...(0.18),0.467,magnesite-1(0.38)+Paralaurioni...(0.44)+Muirite__R12...(0.18),0.463,magnesite-1(0.47)+Muirite__R12...(0.53),0.463,magnesite-1(0.50)+Topaz__R0504...(0.50),0.462,magnesite-3(0.43)+Paralaurioni...(0.57),0.459,magnesite-3(1.00),0.452,magnesite-1(0.36)+Hematophanit...(0.50)+Topaz__R0504...(0.15),0.452,magnesite-3(0.31)+Paralaurioni...(0.55)+serpentine-1(0.15),0.451,magnesite-1(0.38)+Hematophanit...(0.62),0.451,magnesite-1(0.33)+Paralaurioni...(0.57)+serpentine-1(0.10),0.450,magnesite-1(0.30)+Paralaurioni...(0.43)+serpentine-1(0.09)+Topaz__R0504...(0.18),0.450,magnesite-1(0.35)+Paralaurioni...(0.34)+Muirite__R12...(0.15)+Topaz__R0504...(0.16),0.448,magnesite-1(0.37)+Hematophanit...(0.54)+Muirite__R12...(0.09),0.448,magnesite-1(0.36)+Hematophanit...(0.50)+Topaz__R0504...(0.15),0.448,magnesite-1(0.39)+Muirite__R12...(0.33)+Topaz__R0504...(0.28),0.447,magnesite-1(0.42)+Geikielite__...(0.58),0.446,magnesite-1(0.32)+Paralaurioni...(0.45)+serpentine-1(0.08)+Muirite__R12...(0.15),0.446,magnesite-1(0.38)+Hematophanit...(0.62),0.445,magnesite-1(0.29)+Hematophanit...(0.48)+serpentine-1(0.08)+Topaz__R0504...(0.14),0.445,magnesite-1(0.26)+Paralaurioni...(0.44)+serpentine-4(0.12)+Topaz__R0504...(0.17),0.444,magnesite-3(0.25)+Paralaurioni...(0.55)+serpentine-4(0.20),0.444,magnesite-1(0.37)+Hematophanit...(0.54)+Muirite__R12...(0.09),0.444,magnesite-1(0.36)+Hematophanit...(0.50)+Paralaurioni...(0.00)+Topaz__R0504...(0.15),0.443,magnesite-1(0.28)+Paralaurioni...(0.58)+serpentine-4(0.14),0.442,magnesite-1(0.35)+Hematophanit...(0.44)+Muirite__R12...(0.07)+Topaz__R0504...(0.14),0.442,magnesite-1(0.36)+Hematophanit...(0.50)+Hematophanit...(0.00)+Topaz__R0504...(0.15),0.442,magnesite-1(0.31)+Paralaurioni...(0.43)+serpentine-2(0.08)+Topaz__R0504...(0.18),0.442,magnesite-1(0.39)+Paralaurioni...(0.39)+Geikielite__...(0.22),0.442,
s-methanol-2,magnesite-1,0.545,Paralaurionite__R050...,0.487,magnesite-3,0.471,serpentine-1,0.470,Hematophanite__R0706...,0.446,Paralaurionite__R050...,0.442,serpentine-4,0.439,Hematophanite__R0706...,0.437,Topaz__R050405__Rama...,0.425,Plattnerite__R070605...,0.416,Topaz__R050404__Rama...,0.414,serpentine-2,0.413,Topaz__R050404__Rama...,0.403,Topaz__R050405__Rama...,0.388,Topaz__R040121__Rama...,0.388,Topaz__R050176__Rama...,0.387,Topaz__R050176__Rama...,0.382,Paragonite__R050447_...,0.379,Paragonite__R050447_...,0.378,Topaz__R050405__Rama...,0.375,Topaz__R050405__Rama...,0.375,Fizelyite__R060175_b...,0.374,Topaz__R050176__Rama...,0.373,Fizelyite__R060175_b...,0.372,Uchucchacuaite__R070...,0.371,Topaz__R060024__Rama...,0.370,Muirite__R140248__Ra...,0.370,Indium__R060771__Ram...,0.369,Topaz__R050176__Rama...,0.367,Topaz__R060024__Rama...,0.363,magnesite-1(1.00),0.543,magnesite-1(0.38)+Paralaurioni...(0.62),0.530,magnesite-1(0.35)+Paralaurioni...(0.52)+Topaz__R0504...(0.12),0.504,Paralaurioni...(0.63)+serpentine-4(0.37),0.503,Paralaurioni...(0.54)+serpentine-4(0.35)+Topaz__R0504...(0.11),0.501,magnesite-1(0.35)+Paralaurioni...(0.51)+Topaz__R0504...(0.13),0.500,magnesite-1(0.36)+Paralaurioni...(0.55)+Topaz__R0401...(0.09),0.498,magnesite-1(0.54)+Topaz__R0504...(0.46),0.497,Paralaurioni...(0.50)+magnesite-3(0.37)+Topaz__R0504...(0.12),0.497,Paralaurioni...(0.60)+magnesite-3(0.40),0.496,Paralaurioni...(0.54)+serpentine-4(0.35)+Topaz__R0504...(0.11),0.496,Paralaurioni...(0.55)+serpentine-4(0.35)+Topaz__R0401...(0.10),0.495,Paralaurioni...(0.50)+magnesite-3(0.37)+Topaz__R0504...(0.13),0.493,magnesite-1(0.34)+Paralaurioni...(0.45)+Topaz__R0504...(0.21),0.493,magnesite-1(0.34)+Paralaurioni...(0.45)+Topaz__R0504...(0.21),0.493,magnesite-1(0.46)+Topaz__R0504...(0.54),0.492,magnesite-1(0.46)+Topaz__R0504...(0.00)+Topaz__R0504...(0.54),0.492,magnesite-1(0.54)+Topaz__R0504...(0.46),0.492,magnesite-1(0.54)+Topaz__R0504...(0.00)+Topaz__R0504...(0.46),0.492,magnesite-1(0.46)+Topaz__R0504...(0.54),0.492,Paralaurioni...(0.53)+magnesite-3(0.38)+Topaz__R0401...(0.09),0.492,Paralaurioni...(0.64)+serpentine-1(0.36),0.488,magnesite-1(0.31)+Paralaurioni...(0.60)+serpentine-1(0.08),0.488,Paralaurioni...(0.48)+serpentine-4(0.34)+Topaz__R0504...(0.19),0.487,Paralaurioni...(0.48)+serpentine-4(0.34)+Topaz__R0504...(0.19),0.487,Paralaurioni...(0.43)+magnesite-3(0.36)+Topaz__R0504...(0.21),0.486,Paralaurioni...(0.43)+magnesite-3(0.36)+Topaz__R0504...(0.21),0.486,magnesite-1(0.24)+Paralaurioni...(0.60)+serpentine-4(0.16),0.486,magnesite-1(0.55)+Topaz__R0401...(0.45),0.484,magnesite-1(0.31)+Paralaurioni...(0.60)+serpentine-2(0.09),0.480,
s-methanol-3,Hematophanite__R0706...,0.477,Paralaurionite__R050...,0.471,Hematophanite__R0706...,0.465,magnesite-1,0.464,Plattnerite__R070605...,0.444,serpentine-4,0.420,Muscovite__R050198__...,0.416,Paragonite__R050447_...,0.409,Paragonite__R050447_...,0.408,Paralaurionite__R050...,0.406,Geikielite__R070479_...,0.400,Muscovite__R050198__...,0.391,Indium__R060771__Ram...,0.377,Galkhaite__R070394__...,0.372,serpentine-1,0.372,Coesite__R070565__Ra...,0.371,Coesite__R070565__Ra...,0.370,Geikielite__R070479_...,0.366,serpentine-2,0.361,Muirite__R140248__Ra...,0.354,Sonoraite__R070745__...,0.354,Malachite__R050508__...,0.352,magnesite-3,0.350,Sonoraite__R070745__...,0.347,Laurionite__R140025_...,0.342,Muscovite__R050198__...,0.338,Muirite__R140248__Ra...,0.337,Muirite__R120160__Ra...,0.335,Muscovite__R100147__...,0.333,Uchucchacuaite__R070...,0.333,Paralaurioni...(0.64)+magnesite-1(0.36)+Galkhaite__R...(0.00),0.499,Paralaurioni...(0.67)+serpentine-4(0.33)+Galkhaite__R...(0.00),0.488,Paralaurioni...(0.64)+magnesite-1(0.36),0.484,Paralaurioni...(0.67)+serpentine-4(0.33),0.474,Hematophanit...(0.67)+magnesite-1(0.33)+Galkhaite__R...(0.00),0.474,Paralaurioni...(0.48)+magnesite-1(0.32)+Muscovite__R...(0.20),0.471,Paralaurioni...(0.66)+Galkhaite__R...(0.00)+serpentine-1(0.34),0.471,Paralaurioni...(1.00)+Galkhaite__R...(0.00),0.470,Hematophanit...(0.67)+magnesite-1(0.33)+Galkhaite__R...(0.00),0.468,Hematophanit...(0.69)+serpentine-4(0.31),0.467,magnesite-1(0.62)+Galkhaite__R...(0.38),0.466,Hematophanit...(0.67)+magnesite-1(0.33),0.466,Hematophanit...(0.60)+Paralaurioni...(0.07)+magnesite-1(0.33)+Galkhaite__R...(0.00),0.462,magnesite-1(1.00),0.462,Hematophanit...(0.65)+magnesite-1(0.26)+Galkhaite__R...(0.00)+serpentine-1(0.09),0.461,Hematophanit...(0.67)+Hematophanit...(0.00)+magnesite-1(0.33)+Galkhaite__R...(0.00),0.461,Hematophanit...(0.69)+serpentine-4(0.31)+Galkhaite__R...(0.00),0.460,Paralaurioni...(0.51)+magnesite-1(0.32)+Muscovite__R...(0.17),0.460,Hematophanit...(0.67)+magnesite-1(0.33),0.459,Hematophanit...(0.69)+serpentine-4(0.31),0.459,Paralaurioni...(0.51)+serpentine-4(0.30)+Muscovite__R...(0.19),0.457,magnesite-1(0.43)+Muscovite__R...(0.57),0.457,Hematophanit...(0.66)+magnesite-1(0.26)+serpentine-4(0.09),0.456,Hematophanit...(0.66)+magnesite-1(0.26)+serpentine-4(0.09)+Galkhaite__R...(0.00),0.456,Paralaurioni...(0.63)+magnesite-1(0.27)+serpentine-4(0.10),0.455,Hematophanit...(0.67)+magnesite-1(0.33)+Paralaurioni...(0.00)+Galkhaite__R...(0.00),0.455,Hematophanit...(0.59)+magnesite-1(0.32)+Muscovite__R...(0.09),0.455,Hematophanit...(0.69)+serpentine-4(0.31)+Galkhaite__R...(0.00),0.454,Hematophanit...(0.60)+Paralaurioni...(0.07)+magnesite-1(0.33),0.452,Hematophanit...(0.65)+magnesite-1(0.26)+serpentine-1(0.09),0.452,
s-water-1,Hematophanite__R0706...,0.443,Hematophanite__R0706...,0.433,Paralaurionite__R050...,0.428,Paragonite__R050447_...,0.423,Paragonite__R050447_...,0.421,magnesite-1,0.409,Muirite__R120160__Ra...,0.401,Trilithionite__R0401...,0.387,Muirite__R140248__Ra...,0.380,magnesite-3,0.373,Plattnerite__R070605...,0.371,Indium__R060771__Ram...,0.368,Muirite__R120160__Ra...,0.367,Trilithionite__R0401...,0.364,Geikielite__R070479_...,0.364,Muscovite__R050198__...,0.355,Muscovite__R100147__...,0.348,Tarbuttite__R050621_...,0.347,Muirite__R140248__Ra...,0.346,serpentine-1,0.343,Muscovite__R050198__...,0.341,Muscovite__R040104__...,0.338,Muscovite__R100147__...,0.338,Geikielite__R070479_...,0.335,Paralaurionite__R050...,0.331,Trilithionite__R0401...,0.331,Muscovite__R050198__...,0.325,Muscovite__R060182__...,0.324,Muscovite__R040108__...,0.321,Muscovite__R050080__...,0.320,Paralaurioni...(0.76)+magnesite-1(0.24),0.485,Hematophanit...(0.78)+magnesite-1(0.22),0.463,Hematophanit...(0.78)+magnesite-1(0.22),0.455,Paralaurioni...(0.56)+magnesite-1(0.22)+Muirite__R12...(0.22),0.455,Hematophanit...(0.67)+magnesite-1(0.21)+Muirite__R12...(0.11),0.453,Paralaurioni...(0.53)+magnesite-1(0.21)+Trilithionit...(0.26),0.451,Hematophanit...(0.67)+magnesite-1(0.21)+Muirite__R12...(0.12),0.448,Hematophanit...(0.71)+Paralaurioni...(0.07)+magnesite-1(0.22),0.448,Hematophanit...(0.78)+Hematophanit...(0.00)+magnesite-1(0.22),0.446,Hematophanit...(0.63)+Paralaurioni...(0.05)+magnesite-1(0.21)+Muirite__R12...(0.11),0.443,Hematophanit...(0.70)+Paralaurioni...(0.08)+magnesite-1(0.22),0.442,Paralaurioni...(0.74)+magnesite-3(0.26),0.442,Hematophanit...(0.67)+Hematophanit...(0.00)+magnesite-1(0.21)+Muirite__R12...(0.11),0.441,Paralaurioni...(0.54)+magnesite-1(0.21)+Trilithionit...(0.25),0.441,Hematophanit...(0.77)+magnesite-3(0.23),0.440,Hematophanit...(0.68)+magnesite-1(0.21)+Muirite__R12...(0.11),0.438,Hematophanit...(0.66)+Muirite__R12...(0.12)+magnesite-3(0.22),0.437,Hematophanit...(0.77)+magnesite-3(0.23),0.435,Hematophanit...(0.71)+Hematophanit...(0.00)+Paralaurioni...(0.07)+magnesite-1(0.22),0.434,magnesite-1(0.30)+Muirite__R12...(0.70),0.434,Paralaurioni...(0.37)+Paragonite__...(0.41)+magnesite-1(0.21),0.434,Hematophanit...(0.68)+magnesite-1(0.21)+Muirite__R12...(0.11),0.433,Hematophanit...(0.63)+Hematophanit...(0.00)+Paralaurioni...(0.05)+magnesite-1(0.21)+Muirite__R12...(0.11),0.433,Paralaurioni...(0.37)+Paragonite__...(0.42)+magnesite-1(0.21),0.433,Hematophanit...(0.67)+magnesite-1(0.21)+Muirite__R14...(0.11),0.433,Hematophanit...(0.66)+Muirite__R12...(0.12)+magnesite-3(0.22),0.433,Hematophanit...(0.70)+magnesite-1(0.22)+Trilithionit...(0.08),0.432,Paragonite__...(0.76)+magnesite-1(0.24),0.431,Hematophanit...(0.67)+Hematophanit...(0.00)+magnesite-1(0.21)+Muirite__R12...(0.11)+Muirite__R12...(0.00),0.431,Paralaurioni...(0.57)+magnesite-1(0.22)+Muirite__R12...(0.21),0.431,
s-water-2,magnesite-3,0.568,magnesite-1,0.518,serpentine-1,0.507,Paralaurionite__R050...,0.502,Hematophanite__R0706...,0.494,Plattnerite__R070605...,0.483,serpentine-4,0.481,Hematophanite__R0706...,0.480,Paralaurionite__R050...,0.465,Paragonite__R050447_...,0.454,Paragonite__R050447_...,0.451,Geikielite__R070479_...,0.446,serpentine-2,0.445,Veenite__R130407__Ra...,0.431,Indium__R060771__Ram...,0.395,Sonoraite__R070745__...,0.394,Sonoraite__R070745__...,0.386,Muscovite__R050198__...,0.383,Muscovite__R050198__...,0.382,Geikielite__R070479_...,0.379,Pararealgar__R150123...,0.377,Wakabayashilite__R06...,0.375,Raguinite__R130617__...,0.374,Simonkolleite__R1301...,0.371,Diaboleite__R050270_...,0.368,Topaz__R040121__Rama...,0.368,Uzonite__R100020__Ra...,0.367,Uzonite__R100020__Ra...,0.367,Trilithionite__R0401...,0.367,Diaboleite__R050270_...,0.366,magnesite-3(1.00),0.564,magnesite-3(0.55)+Paralaurioni...(0.45),0.544,magnesite-1(1.00),0.516,magnesite-1(0.52)+Paralaurioni...(0.48),0.514,magnesite-3(0.69)+serpentine-1(0.31),0.499,magnesite-3(0.74)+Paralaurioni...(0.26),0.497,magnesite-3(0.55)+Paralaurioni...(0.45)+Paralaurioni...(0.00),0.494,magnesite-3(0.57)+serpentine-4(0.43),0.494,magnesite-3(0.40)+serpentine-1(0.18)+Paralaurioni...(0.42),0.491,serpentine-1(1.00),0.491,magnesite-3(0.29)+Paralaurioni...(0.43)+serpentine-4(0.28),0.489,magnesite-3(0.53)+Hematophanit...(0.47),0.488,magnesite-1(0.52)+Paralaurioni...(0.48)+Paralaurioni...(0.00),0.488,serpentine-1(0.50)+Paralaurioni...(0.50),0.485,magnesite-1(0.71)+Paralaurioni...(0.29),0.484,magnesite-1(0.74)+serpentine-1(0.26),0.484,magnesite-1(0.43)+serpentine-1(0.11)+Paralaurioni...(0.46),0.483,magnesite-3(0.53)+Paralaurioni...(0.08)+Hematophanit...(0.39),0.481,magnesite-3(0.41)+Paralaurioni...(0.42)+serpentine-2(0.17),0.481,magnesite-3(0.27)+Hematophanit...(0.45)+serpentine-4(0.27),0.481,magnesite-3(0.53)+Hematophanit...(0.47),0.480,magnesite-1(0.53)+Geikielite__...(0.47),0.480,Paralaurioni...(0.50)+serpentine-4(0.50),0.479,magnesite-3(0.55)+Plattnerite_...(0.45),0.479,magnesite-3(0.55)+Paralaurioni...(0.45)+Veenite__R13...(0.00),0.479,magnesite-3(0.38)+serpentine-1(0.18)+Hematophanit...(0.44),0.479,magnesite-1(0.52)+Paragonite__...(0.48),0.478,magnesite-1(0.52)+Paralaurioni...(0.48)+Veenite__R13...(0.00),0.477,magnesite-1(0.52)+Plattnerite_...(0.48),0.477,Hematophanit...(0.52)+serpentine-4(0.48),0.477,
s-water-3,serpentine-4,0.553,magnesite-1,0.526,magnesite-3,0.522,Pseudoboleite__R1305...,0.488,Enstatite__R120168__...,0.473,Olenite__R120012__Ra...,0.459,serpentine-1,0.453,Plattnerite__R070605...,0.446,serpentine-2,0.445,Erythrosiderite__R12...,0.440,Fluorapophyllite-(K)...,0.437,Waylandite__R130361_...,0.433,Veenite__R130407__Ra...,0.433,Perovskite__R130037_...,0.418,Ferrowodginite__R120...,0.415,Paralaurionite__R050...,0.409,talc-2,0.408,Alacranite__R140323_...,0.406,Glaucophane__R120002...,0.402,Korobitsynite__R1101...,0.402,Chabazite-K__R120032...,0.401,Tyrrellite__R060481_...,0.400,Clinohedrite__R12010...,0.399,Wakabayashilite__R15...,0.398,Gillardite__R100074_...,0.396,Gerstleyite__R060510...,0.393,Margarosanite__R1201...,0.393,Penkvilksite__R13002...,0.390,Litidionite__R130088...,0.390,Artinite__R060166__R...,0.389,magnesite-1(1.00)+Enstatite__R...(0.00),0.597,serpentine-4(0.96)+Enstatite__R...(0.04),0.592,magnesite-1(1.00)+Fluorapophyl...(0.00),0.557,serpentine-4(0.95)+Fluorapophyl...(0.05),0.550,serpentine-4(0.40)+magnesite-1(0.60)+Enstatite__R...(0.00),0.548,magnesite-1(1.00)+Enstatite__R...(0.00)+Fluorapophyl...(0.00),0.548,serpentine-4(1.00),0.544,Enstatite__R...(0.21)+serpentine-2(0.79),0.542,magnesite-1(0.78)+Enstatite__R...(0.00)+serpentine-2(0.22),0.539,magnesite-1(1.00)+Pseudoboleit...(0.00)+Enstatite__R...(0.00),0.536,serpentine-4(0.40)+magnesite-1(0.60),0.532,magnesite-3(0.97)+Fluorapophyl...(0.03),0.532,magnesite-1(0.82)+Enstatite__R...(0.00)+serpentine-1(0.18),0.529,serpentine-4(0.84)+Pseudoboleit...(0.16)+Enstatite__R...(0.00),0.527,serpentine-4(0.92)+Enstatite__R...(0.03)+Fluorapophyl...(0.05),0.527,magnesite-1(1.00),0.523,magnesite-1(1.00)+Enstatite__R...(0.00)+Olenite__R12...(0.00),0.523,serpentine-4(0.40)+magnesite-1(0.60)+Fluorapophyl...(0.00),0.523,serpentine-4(0.84)+Erythrosider...(0.16),0.522,serpentine-4(0.40)+magnesite-1(0.60)+Pseudoboleit...(0.00)+Enstatite__R...(0.00),0.521,magnesite-1(1.00)+Pseudoboleit...(0.00),0.520,magnesite-1(1.00)+Enstatite__R...(0.00)+Waylandite__...(0.00),0.520,magnesite-3(1.00),0.518,serpentine-4(0.54)+magnesite-3(0.46),0.517,serpentine-4(0.40)+magnesite-1(0.60)+Enstatite__R...(0.00)+Fluorapophyl...(0.00),0.517,magnesite-1(1.00)+Fluorapophyl...(0.00)+Waylandite__...(0.00),0.516,serpentine-4(0.90)+Enstatite__R...(0.00)+Olenite__R12...(0.10),0.514,magnesite-3(1.00)+Enstatite__R...(0.00),0.514,serpentine-4(0.90)+Olenite__R12...(0.10),0.514,serpentine-4(0.82)+Enstatite__R...(0.00)+Veenite__R13...(0.18),0.513,
s-water-4,Plattnerite__R070605...,0.516,magnesite-3,0.503,serpentine-1,0.495,Geikielite__R070479_...,0.486,Paralaurionite__R050...,0.467,Hematophanite__R0706...,0.466,Hematophanite__R0706...,0.453,Veenite__R130407__Ra...,0.452,serpentine-4,0.451,Paralaurionite__R050...,0.444,Muscovite__R100147__...,0.441,Pararealgar__R150123...,0.432,Pararealgar__R150123...,0.428,Brookite__R130225__R...,0.425,Laurionite__R140025_...,0.421,Paragonite__R050447_...,0.421,Paragonite__R050447_...,0.419,Erionite-Ca__R061110...,0.417,Indium__R060771__Ram...,0.416,magnesite-1,0.407,serpentine-2,0.405,Geikielite__R070479_...,0.405,Erythrosiderite__R12...,0.405,Muscovite__R050198__...,0.402,Trilithionite__R0401...,0.399,Diaboleite__R050270_...,0.389,Muscovite__R050198__...,0.389,talc-2,0.388,Muscovite__R060182__...,0.388,Pseudoboleite__R1305...,0.388,serpentine-4(0.41)+Paralaurioni...(0.59),0.564,Paralaurioni...(0.60)+serpentine-4(0.40),0.536,serpentine-1(0.47)+Paralaurioni...(0.53),0.529,serpentine-1(0.43)+Paralaurioni...(0.18)+Paralaurioni...(0.38),0.527,serpentine-1(0.49)+Paralaurioni...(0.51),0.525,magnesite-3(0.54)+Paralaurioni...(0.46),0.525,serpentine-4(0.45)+Laurionite__...(0.55),0.516,magnesite-3(0.47)+Paralaurioni...(0.14)+Paralaurioni...(0.39),0.511,magnesite-3(0.63)+Laurionite__...(0.37),0.509,serpentine-1(0.58)+Laurionite__...(0.42),0.507,magnesite-3(0.50)+Paralaurioni...(0.50),0.504,magnesite-3(0.35)+serpentine-1(0.23)+Paralaurioni...(0.42),0.503,magnesite-3(0.42)+serpentine-4(0.09)+Paralaurioni...(0.49),0.500,magnesite-3(1.00),0.500,magnesite-3(0.42)+Paralaurioni...(0.46)+serpentine-4(0.12),0.499,magnesite-3(0.61)+serpentine-1(0.39),0.495,magnesite-3(0.44)+Paralaurioni...(0.41)+Laurionite__...(0.15),0.494,magnesite-3(0.59)+Pararealgar_...(0.41),0.491,serpentine-1(0.63)+Pararealgar_...(0.37),0.491,serpentine-1(0.45)+Paralaurioni...(0.47)+Brookite__R1...(0.08),0.491,magnesite-3(0.41)+serpentine-1(0.27)+Laurionite__...(0.32),0.491,magnesite-3(0.32)+serpentine-1(0.21)+Paralaurioni...(0.47),0.490,magnesite-3(0.88)+serpentine-4(0.12),0.489,serpentine-1(0.60)+Pararealgar_...(0.40),0.487,magnesite-3(0.48)+serpentine-4(0.14)+Laurionite__...(0.38),0.486,serpentine-1(0.41)+Geikielite__...(0.34)+Paralaurioni...(0.25),0.485,Plattnerite_...(0.55)+serpentine-1(0.45),0.485,magnesite-3(0.58)+Pararealgar_...(0.42),0.484,serpentine-1(0.38)+Geikielite__...(0.40)+Laurionite__...(0.21),0.483,magnesite-3(0.42)+serpentine-1(0.22)+Pararealgar_...(0.36),0.481,
s-water-5,magnesite-1,0.501,Hematophanite__R0706...,0.482,Hematophanite__R0706...,0.468,Plattnerite__R070605...,0.460,magnesite-3,0.457,serpentine-4,0.426,Paragonite__R050447_...,0.419,Paragonite__R050447_...,0.417,Geikielite__R070479_...,0.416,serpentine-1,0.414,Indium__R060771__Ram...,0.410,Pararealgar__R150123...,0.410,serpentine-2,0.409,Paralaurionite__R050...,0.408,Paralaurionite__R050...,0.401,Muirite__R140248__Ra...,0.399,talc-2,0.395,Muirite__R140248__Ra...,0.395,Muirite__R150098__Ra...,0.390,Geikielite__R070479_...,0.386,Muscovite__R100147__...,0.385,Sonoraite__R070745__...,0.381,Sonoraite__R070745__...,0.380,Muirite__R120160__Ra...,0.377,Diaboleite__R050270_...,0.371,Diaboleite__R050270_...,0.369,Fizelyite__R060175__...,0.367,Pararealgar__R150123...,0.366,Muirite__R120160__Ra...,0.366,Voltaite__R060237__R...,0.362,magnesite-1(0.38)+Paralaurioni...(0.62),0.547,serpentine-4(0.35)+Paralaurioni...(0.65),0.539,magnesite-1(0.35)+Pararealgar_...(0.13)+Paralaurioni...(0.52),0.532,magnesite-1(0.52)+Pararealgar_...(0.48),0.524,magnesite-1(0.29)+serpentine-4(0.09)+Paralaurioni...(0.61),0.524,serpentine-2(0.32)+Paralaurioni...(0.68),0.519,magnesite-1(0.38)+Paralaurioni...(0.00)+Paralaurioni...(0.62),0.507,magnesite-1(0.36)+Plattnerite_...(0.64),0.505,magnesite-1(0.32)+serpentine-2(0.07)+Paralaurioni...(0.61),0.503,magnesite-1(0.74)+serpentine-4(0.26),0.502,magnesite-1(1.00),0.500,magnesite-1(0.28)+serpentine-1(0.12)+Paralaurioni...(0.60),0.496,magnesite-1(0.46)+Paralaurioni...(0.54),0.495,magnesite-1(0.35)+Hematophanit...(0.65),0.493,magnesite-1(0.34)+Plattnerite_...(0.40)+Paralaurioni...(0.26),0.488,magnesite-1(0.32)+Hematophanit...(0.55)+Pararealgar_...(0.12),0.488,serpentine-1(0.37)+Paralaurioni...(0.63),0.487,magnesite-1(0.28)+Plattnerite_...(0.62)+serpentine-1(0.11),0.486,magnesite-1(0.37)+Pararealgar_...(0.28)+Paralaurioni...(0.35),0.486,magnesite-1(0.32)+Plattnerite_...(0.53)+Pararealgar_...(0.15),0.486,magnesite-1(0.31)+Paragonite__...(0.50)+Pararealgar_...(0.19),0.485,magnesite-1(0.35)+Hematophanit...(0.65),0.484,magnesite-1(0.28)+Hematophanit...(0.64)+serpentine-4(0.08),0.484,magnesite-1(0.32)+Paragonite__...(0.50)+Pararealgar_...(0.19),0.484,magnesite-1(0.32)+Hematophanit...(0.55)+Pararealgar_...(0.12),0.481,magnesite-1(0.34)+Geikielite__...(0.49)+Pararealgar_...(0.17),0.481,serpentine-2(0.36)+Paralaurioni...(0.64),0.481,magnesite-1(0.30)+Plattnerite_...(0.63)+serpentine-4(0.07),0.481,magnesite-1(0.37)+Indium__R060...(0.63),0.479,magnesite-1(0.31)+Plattnerite_...(0.62)+serpentine-2(0.06),0.479,
serpentinite-1,Caysichite-(Y)__R080...,0.152,Calcioancylite-(Ce)_...,0.152,Parisite-(La)__R1306...,0.150,Pyrope__R080060__Ram...,0.150,Parisite-(La)__R1306...,0.149,Merrillite__R150063_...,0.148,Lovozerite__R120159_...,0.147,Ancylite-(Ce)__R0602...,0.143,Lavenite__R120044__R...,0.143,Pyromorphite__R05008...,0.142,Lavenite__R120044__R...,0.141,Gmelinite-Na__R11019...,0.141,Litidionite__R130088...,0.141,Ferrinatrite__R17004...,0.139,Ferrinatrite__R17004...,0.139,Lovozerite__R120159_...,0.136,Fluorcalciomicrolite...,0.135,Fluorcalciomicrolite...,0.131,Gotzenite__R140781__...,0.130,Rosemaryite__R140519...,0.129,AlSO4(OH)__R141118__...,0.129,Ternesite__R140779__...,0.128,Narsarsukite__R06020...,0.124,Gmelinite-Na__R06016...,0.124,Amarantite__R050153_...,0.123,Joaquinite-(Ce)__R12...,0.123,Fluorcalciomicrolite...,0.122,Anorthite__R070510__...,0.122,Fuchunite__R240007__...,0.121,AlSO4(OH)__R141118__...,0.121,Calcioancyli...(0.48)+Parisite-(La...(0.52),0.092,Calcioancyli...(0.49)+Parisite-(La...(0.51),0.092,Calcioancyli...(0.49)+Parisite-(La...(0.51)+Ancylite-(Ce...(0.00),0.092,Calcioancyli...(0.46)+Ancylite-(Ce...(0.54),0.091,Pyrope__R080...(0.55)+Ancylite-(Ce...(0.45),0.087,Calcioancyli...(0.48)+Parisite-(La...(0.00)+Parisite-(La...(0.52),0.079,Calcioancyli...(0.48)+Parisite-(La...(0.52)+Ancylite-(Ce...(0.00),0.075,Calcioancyli...(0.00)+Pyrope__R080...(0.55)+Ancylite-(Ce...(0.45),0.075,Parisite-(La...(0.49)+Pyrope__R080...(0.51),0.074,Calcioancyli...(0.00)+Parisite-(La...(0.49)+Pyrope__R080...(0.51),0.066,Ancylite-(Ce...(0.44)+Lavenite__R1...(0.56),0.066,Merrillite__...(0.56)+Ancylite-(Ce...(0.44),0.066,Pyrope__R080...(0.51)+Parisite-(La...(0.49),0.064,Parisite-(La...(0.49)+Pyrope__R080...(0.51)+Ancylite-(Ce...(0.00),0.064,Ancylite-(Ce...(0.28)+Lavenite__R1...(0.72),0.062,Calcioancyli...(0.00)+Merrillite__...(0.56)+Ancylite-(Ce...(0.44),0.060,Calcioancyli...(0.00)+Ancylite-(Ce...(0.44)+Lavenite__R1...(0.56),0.059,Parisite-(La...(0.48)+Lavenite__R1...(0.52),0.059,Calcioancyli...(0.44)+Gmelinite-Na...(0.56),0.058,Calcioancyli...(0.00)+Pyrope__R080...(0.51)+Parisite-(La...(0.49),0.058,Parisite-(La...(0.00)+Pyrope__R080...(0.51)+Parisite-(La...(0.49),0.058,Parisite-(La...(0.43)+Merrillite__...(0.57),0.058,Calcioancyli...(0.00)+Ancylite-(Ce...(0.28)+Lavenite__R1...(0.72),0.056,Parisite-(La...(0.43)+Lavenite__R1...(0.57),0.056,Calcioancyli...(0.03)+Parisite-(La...(0.48)+Lavenite__R1...(0.49),0.054,Calcioancyli...(0.24)+Parisite-(La...(0.31)+Merrillite__...(0.45),0.054,Calcioancyli...(0.22)+Ancylite-(Ce...(0.23)+Gmelinite-Na...(0.55),0.053,Calcioancyli...(0.51)+Ferrinatrite...(0.49),0.053,Calcioancyli...(0.51)+Ferrinatrite...(0.49),0.053,Ferrinatrite...(1.00),0.053,
serpentinite-2(1%),Ilmenite__R060149__R...,0.270,Delafossite__R050403...,0.255,Ilmenite__R060149__R...,0.248,Trevorite__R140860__...,0.247,Fourmarierite__R1001...,0.245,Delafossite__R050403...,0.243,Sapphirine__R060556_...,0.241,Fourmarierite__R1001...,0.241,Sapphirine__R060556_...,0.239,Mangani-obertiite__R...,0.235,Mangani-obertiite__R...,0.233,Chayesite__R070367__...,0.231,Chromite__R110060__R...,0.231,Chromite__R110060__R...,0.229,Ferrohogbomite-2N2S_...,0.226,Guite__R180022__Rama...,0.225,Magnesio-fluoro-hast...,0.223,Sapphirine__R100143_...,0.219,Ferrohogbomite-2N2S_...,0.219,Richterite__R060043_...,0.217,Sapphirine__R060556_...,0.215,Chromite__R110060__R...,0.214,Bakerite__R050423__R...,0.213,Sapphirine__R060556_...,0.213,Richterite__R060043_...,0.213,Potassic-magnesio-fl...,0.212,Sapphirine__R100143_...,0.211,Eckermannite__R06032...,0.210,Phillipsite-Na__R061...,0.208,Eckermannite__R06032...,0.208,Ilmenite__R0...(0.39)+Chromite__R1...(0.61),0.240,Ilmenite__R0...(0.39)+Chromite__R1...(0.61),0.237,Ilmenite__R0...(0.37)+Ilmenite__R0...(0.09)+Chromite__R1...(0.54),0.236,Delafossite_...(0.32)+Chayesite__R...(0.23)+Chromite__R1...(0.45),0.234,Ilmenite__R0...(0.37)+Ilmenite__R0...(0.09)+Chromite__R1...(0.54),0.233,Delafossite_...(0.32)+Chayesite__R...(0.23)+Chromite__R1...(0.45),0.230,Delafossite_...(0.40)+Sapphirine__...(0.17)+Chromite__R1...(0.43),0.230,Ilmenite__R0...(0.37)+Ilmenite__R0...(0.09)+Chromite__R1...(0.08)+Chromite__R1...(0.46),0.230,Delafossite_...(0.40)+Sapphirine__...(0.17)+Chromite__R1...(0.43),0.230,Delafossite_...(0.33)+Trevorite__R...(0.45)+Chayesite__R...(0.22),0.230,Ilmenite__R0...(0.45)+Chromite__R1...(0.55),0.229,Delafossite_...(0.46)+Sapphirine__...(0.33)+Chayesite__R...(0.20),0.229,Ilmenite__R0...(0.21)+Delafossite_...(0.32)+Chromite__R1...(0.48),0.227,Ilmenite__R0...(0.40)+Ilmenite__R0...(0.08)+Trevorite__R...(0.52),0.227,Delafossite_...(0.33)+Ilmenite__R0...(0.19)+Chromite__R1...(0.48),0.226,Delafossite_...(0.45)+Sapphirine__...(0.35)+Chayesite__R...(0.20),0.226,Ilmenite__R0...(0.45)+Chromite__R1...(0.55),0.226,Ilmenite__R0...(0.47)+Trevorite__R...(0.53),0.226,Delafossite_...(0.40)+Sapphirine__...(0.17)+Chromite__R1...(0.43),0.226,Delafossite_...(0.40)+Sapphirine__...(0.17)+Chromite__R1...(0.43),0.225,Delafossite_...(0.52)+Trevorite__R...(0.48),0.225,Ilmenite__R0...(0.21)+Delafossite_...(0.31)+Chromite__R1...(0.48),0.225,Delafossite_...(0.32)+Ilmenite__R0...(0.20)+Chromite__R1...(0.48),0.224,Delafossite_...(0.38)+Ilmenite__R0...(0.15)+Trevorite__R...(0.47),0.223,Ilmenite__R0...(0.45)+Chromite__R1...(0.08)+Chromite__R1...(0.47),0.223,Delafossite_...(0.52)+Trevorite__R...(0.48)+Delafossite_...(0.00),0.223,Ilmenite__R0...(0.17)+Trevorite__R...(0.46)+Delafossite_...(0.37),0.223,Trevorite__R...(0.53)+Chayesite__R...(0.47),0.223,Ilmenite__R0...(0.29)+Ilmenite__R0...(0.09)+Delafossite_...(0.12)+Chromite__R1...(0.51),0.223,Ilmenite__R0...(0.12)+Delafossite_...(0.88),0.223,
serpentinite-2(10%),talc-4,0.277,talc-3,0.275,Vuoriyarvite-K__R070...,0.266,Ilmenite__R060149__R...,0.258,Ilmenite__R060149__R...,0.255,Chalcocite__R050067_...,0.253,Chayesite__R070367__...,0.249,Tapiolite-(Fe)__R050...,0.246,Tapiolite-(Fe)__R050...,0.245,Vuoriyarvite-K__R070...,0.241,Vonsenite__R050221__...,0.237,Allanite-(Ce)__R0800...,0.237,Allanite-(Ce)__R0800...,0.236,Valentinite__R050389...,0.235,Ilmenite__R130214__R...,0.233,Synchysite-(Y)__R060...,0.233,Synchysite-(Y)__R060...,0.231,Vuoriyarvite-K__R070...,0.231,Rynersonite__R080064...,0.229,Hematite__R050300__R...,0.229,Trevorite__R140860__...,0.229,magnesite-1,0.228,talc-1,0.228,serpentine-1,0.225,Eckermannite__R06032...,0.224,Valentinite__R050389...,0.224,Phlogopite__R050068_...,0.224,Clinoferrosilite__R1...,0.223,Ramdohrite__R110001_...,0.223,Ilmenite__R130214__R...,0.223,talc-4(0.23)+Chayesite__R...(0.29)+Valentinite_...(0.48),0.390,talc-4(0.22)+Tapiolite-(F...(0.31)+Allanite-(Ce...(0.46),0.386,talc-4(0.22)+Tapiolite-(F...(0.31)+Allanite-(Ce...(0.46),0.386,talc-4(0.23)+Tapiolite-(F...(0.31)+Allanite-(Ce...(0.46),0.386,talc-4(0.23)+Tapiolite-(F...(0.31)+Allanite-(Ce...(0.46),0.386,talc-4(0.27)+Vuoriyarvite...(0.33)+Valentinite_...(0.40),0.382,talc-4(0.22)+Vuoriyarvite...(0.26)+Valentinite_...(0.35)+Ilmenite__R1...(0.18),0.377,talc-3(0.23)+Chayesite__R...(0.25)+Valentinite_...(0.52),0.377,talc-4(0.24)+Chayesite__R...(0.28)+Allanite-(Ce...(0.47),0.376,talc-4(0.21)+Tapiolite-(F...(0.32)+Valentinite_...(0.47),0.376,talc-4(0.21)+Tapiolite-(F...(0.32)+Valentinite_...(0.47),0.376,talc-4(0.20)+Vuoriyarvite...(0.22)+Tapiolite-(F...(0.24)+Valentinite_...(0.34),0.376,talc-4(0.20)+Vuoriyarvite...(0.22)+Tapiolite-(F...(0.24)+Valentinite_...(0.34),0.376,talc-3(0.19)+Tapiolite-(F...(0.30)+Valentinite_...(0.51),0.374,talc-4(0.24)+Chayesite__R...(0.28)+Allanite-(Ce...(0.48),0.374,talc-3(0.19)+Tapiolite-(F...(0.30)+Valentinite_...(0.51),0.374,talc-3(0.30)+Allanite-(Ce...(0.38)+Valentinite_...(0.32),0.373,talc-3(0.30)+Allanite-(Ce...(0.37)+Valentinite_...(0.33),0.373,talc-4(0.31)+Allanite-(Ce...(0.35)+Valentinite_...(0.35),0.371,talc-4(0.31)+Allanite-(Ce...(0.35)+Valentinite_...(0.35),0.371,talc-4(0.28)+Vuoriyarvite...(0.33)+Allanite-(Ce...(0.39),0.371,talc-4(0.24)+Allanite-(Ce...(0.48)+Ilmenite__R1...(0.28),0.371,talc-4(0.25)+Allanite-(Ce...(0.47)+Ilmenite__R1...(0.28),0.371,talc-3(0.22)+Tapiolite-(F...(0.27)+Allanite-(Ce...(0.51),0.370,talc-3(0.22)+Tapiolite-(F...(0.27)+Allanite-(Ce...(0.51),0.370,talc-4(0.26)+Vuoriyarvite...(0.27)+Allanite-(Ce...(0.24)+Valentinite_...(0.23),0.370,talc-3(0.26)+Vuoriyarvite...(0.32)+Valentinite_...(0.42),0.369,talc-3(0.24)+Allanite-(Ce...(0.52)+Ilmenite__R1...(0.23),0.369,talc-3(0.25)+Allanite-(Ce...(0.52)+Ilmenite__R1...(0.23),0.369,talc-4(0.28)+Vuoriyarvite...(0.33)+Allanite-(Ce...(0.40),0.368,
serpentinite-3,Afmite__R130082__Ram...,0.217,Lovozerite__R120159_...,0.193,Galeite__R160078__Ra...,0.192,Lovozerite__R120159_...,0.184,talc-3,0.183,talc-4,0.178,Rosemaryite__R140519...,0.174,Schindlerite__R25008...,0.172,Litidionite__R130088...,0.170,Fluorcalciomicrolite...,0.169,Schindlerite__R25008...,0.166,Ilmenite__R060149__R...,0.165,Rosemaryite__R140519...,0.164,Nabokoite__R070062__...,0.163,Nabokoite__R070062__...,0.156,Ilmenite__R060149__R...,0.154,Richterite__R060043_...,0.149,Oxyphlogopite__R1410...,0.149,Litidionite__R130088...,0.147,Lovozerite__R080107_...,0.146,Guite__R180022__Rama...,0.145,Lovozerite__R080107_...,0.145,Richterite__R060043_...,0.143,Strontiojoaquinite__...,0.141,Lulzacite__R110147__...,0.139,Microcline__R050054_...,0.138,Trinitite__R160072__...,0.138,Spodumene__R040050__...,0.137,Phlogopite__R050068_...,0.137,Rosemaryite__R140519...,0.137,Afmite__R130...(0.64)+talc-4(0.36),0.256,Afmite__R130...(0.62)+talc-3(0.38),0.254,Afmite__R130...(0.52)+Galeite__R16...(0.16)+talc-3(0.32),0.246,Afmite__R130...(0.53)+Galeite__R16...(0.18)+talc-4(0.30),0.246,Afmite__R130...(0.44)+talc-4(0.25)+Rosemaryite_...(0.32),0.240,Afmite__R130...(0.44)+talc-3(0.26)+Rosemaryite_...(0.30),0.240,Afmite__R130...(0.49)+talc-3(0.27)+Litidionite_...(0.23),0.239,Afmite__R130...(0.44)+Galeite__R16...(0.13)+talc-3(0.24)+Litidionite_...(0.19),0.239,Afmite__R130...(0.52)+talc-4(0.26)+Litidionite_...(0.22),0.239,Afmite__R130...(0.42)+Galeite__R16...(0.09)+talc-3(0.25)+Rosemaryite_...(0.23),0.239,Afmite__R130...(0.42)+Galeite__R16...(0.10)+talc-4(0.24)+Rosemaryite_...(0.24),0.238,Afmite__R130...(0.45)+Galeite__R16...(0.15)+talc-4(0.22)+Litidionite_...(0.18),0.237,Afmite__R130...(0.43)+talc-4(0.23)+Rosemaryite_...(0.33),0.237,Afmite__R130...(0.43)+talc-3(0.25)+Rosemaryite_...(0.32),0.237,Afmite__R130...(0.42)+Galeite__R16...(0.08)+talc-3(0.24)+Rosemaryite_...(0.25),0.237,Afmite__R130...(0.42)+Galeite__R16...(0.09)+talc-4(0.23)+Rosemaryite_...(0.26),0.236,Afmite__R130...(0.41)+Galeite__R16...(0.13)+talc-3(0.23)+Fluorcalciom...(0.23),0.234,Afmite__R130...(0.40)+Galeite__R16...(0.13)+talc-4(0.21)+Fluorcalciom...(0.25),0.234,Afmite__R130...(0.59)+talc-4(0.35)+Schindlerite...(0.06),0.232,Afmite__R130...(0.52)+Galeite__R16...(0.16)+talc-3(0.32)+Nabokoite__R...(0.00),0.232,Afmite__R130...(0.52)+Galeite__R16...(0.16)+talc-3(0.32)+Nabokoite__R...(0.00),0.232,Afmite__R130...(0.42)+Lovozerite__...(0.24)+Galeite__R16...(0.08)+talc-3(0.26),0.231,Afmite__R130...(0.42)+Lovozerite__...(0.26)+Galeite__R16...(0.08)+talc-4(0.24),0.231,Afmite__R130...(0.53)+Galeite__R16...(0.18)+talc-4(0.30)+Nabokoite__R...(0.00),0.231,Afmite__R130...(0.53)+Galeite__R16...(0.18)+talc-4(0.30)+Nabokoite__R...(0.00),0.230,Afmite__R130...(0.47)+talc-3(0.27)+Fluorcalciom...(0.26),0.230,Afmite__R130...(0.46)+talc-4(0.25)+Fluorcalciom...(0.29),0.230,Afmite__R130...(0.43)+Lovozerite__...(0.31)+talc-3(0.27),0.230,Afmite__R130...(0.42)+Lovozerite__...(0.33)+talc-4(0.25),0.229,Afmite__R130...(0.74)+Galeite__R16...(0.26),0.229,
serpentinite-3(100%),Dolomite__R050129__R...,0.369,Dolomite__R050272__R...,0.368,Dolomite__R050272__R...,0.368,Dolomite__R050129__R...,0.368,Dolomite__R050272__R...,0.364,Dolomite__R050272__R...,0.363,Dolomite__R050370__R...,0.360,Dolomite__R050370__R...,0.359,Dolomite__R050272__R...,0.357,Dolomite__R050370__R...,0.356,Dolomite__R050272__R...,0.356,Dolomite__R050370__R...,0.355,Kimuraite-(Y)__R0505...,0.355,Dolomite__R050129__R...,0.354,Dolomite__R050129__R...,0.354,Sahamalite-(Ce)__R08...,0.353,Sahamalite-(Ce)__R08...,0.353,Bastnasite-(Ce)__R06...,0.349,Dolomite__R050129__R...,0.349,Bastnasite-(Ce)__R06...,0.349,Smithsonite__R040035...,0.342,Dolomite__R050129__R...,0.342,Smithsonite__R040035...,0.342,Magnesite__R050443__...,0.339,Dolomite__R040030__R...,0.339,Dolomite__R040030__R...,0.339,Ankerite__R050197__R...,0.338,Ankerite__R050197__R...,0.338,Magnesite__R050443__...,0.337,Sahamalite-(Ce)__R08...,0.337,Dolomite__R0...(0.13)+Dolomite__R0...(0.69)+Kimuraite-(Y...(0.17),0.337,Dolomite__R0...(0.13)+Dolomite__R0...(0.69)+Dolomite__R0...(0.00)+Kimuraite-(Y...(0.17),0.337,Dolomite__R0...(0.13)+Dolomite__R0...(0.69)+Dolomite__R0...(0.00)+Kimuraite-(Y...(0.17),0.337,Dolomite__R0...(0.13)+Dolomite__R0...(0.69)+Dolomite__R0...(0.00)+Kimuraite-(Y...(0.17),0.337,Dolomite__R0...(0.13)+Dolomite__R0...(0.69)+Dolomite__R0...(0.00)+Kimuraite-(Y...(0.17),0.337,Dolomite__R0...(0.13)+Dolomite__R0...(0.69)+Dolomite__R0...(0.00)+Kimuraite-(Y...(0.17),0.337,Dolomite__R0...(0.13)+Dolomite__R0...(0.69)+Dolomite__R0...(0.00)+Kimuraite-(Y...(0.17),0.337,Dolomite__R0...(0.13)+Dolomite__R0...(0.69)+Dolomite__R0...(0.00)+Kimuraite-(Y...(0.17),0.337,Dolomite__R0...(0.13)+Dolomite__R0...(0.69)+Dolomite__R0...(0.00)+Kimuraite-(Y...(0.17),0.337,Dolomite__R0...(0.13)+Dolomite__R0...(0.69)+Dolomite__R0...(0.00)+Kimuraite-(Y...(0.17),0.337,Dolomite__R0...(0.13)+Dolomite__R0...(0.69)+Dolomite__R0...(0.00)+Kimuraite-(Y...(0.17),0.337,Dolomite__R0...(0.13)+Dolomite__R0...(0.69)+Kimuraite-(Y...(0.17)+Dolomite__R0...(0.00),0.337,Dolomite__R0...(0.13)+Dolomite__R0...(0.69)+Kimuraite-(Y...(0.17)+Dolomite__R0...(0.00),0.337,Dolomite__R0...(0.13)+Dolomite__R0...(0.69)+Dolomite__R0...(0.00)+Dolomite__R0...(0.00)+Kimuraite-(Y...(0.17),0.337,Dolomite__R0...(0.13)+Dolomite__R0...(0.69)+Dolomite__R0...(0.00)+Dolomite__R0...(0.00)+Kimuraite-(Y...(0.17),0.337,Dolomite__R0...(0.13)+Dolomite__R0...(0.69)+Dolomite__R0...(0.00)+Dolomite__R0...(0.00)+Kimuraite-(Y...(0.17),0.337,Dolomite__R0...(0.13)+Dolomite__R0...(0.69)+Dolomite__R0...(0.00)+Dolomite__R0...(0.00)+Kimuraite-(Y...(0.17),0.337,Dolomite__R0...(0.13)+Dolomite__R0...(0.69)+Dolomite__R0...(0.00)+Dolomite__R0...(0.00)+Kimuraite-(Y...(0.17),0.337,Dolomite__R0...(0.13)+Dolomite__R0...(0.69)+Dolomite__R0...(0.00)+Dolomite__R0...(0.00)+Kimuraite-(Y...(0.17),0.337,Dolomite__R0...(0.13)+Dolomite__R0...(0.69)+Dolomite__R0...(0.00)+Kimuraite-(Y...(0.17)+Dolomite__R0...(0.00),0.337,Dolomite__R0...(0.13)+Dolomite__R0...(0.69)+Dolomite__R0...(0.00)+Dolomite__R0...(0.00)+Kimuraite-(Y...(0.17),0.337,Dolomite__R0...(0.13)+Dolomite__R0...(0.69)+Dolomite__R0...(0.00)+Dolomite__R0...(0.00)+Kimuraite-(Y...(0.17),0.337,Dolomite__R0...(0.13)+Dolomite__R0...(0.69)+Dolomite__R0...(0.00)+Kimuraite-(Y...(0.17)+Dolomite__R0...(0.00),0.337,Dolomite__R0...(0.13)+Dolomite__R0...(0.69)+Dolomite__R0...(0.00)+Dolomite__R0...(0.00)+Kimuraite-(Y...(0.17),0.337,Dolomite__R0...(0.13)+Dolomite__R0...(0.69)+Dolomite__R0...(0.00)+Dolomite__R0...(0.00)+Kimuraite-(Y...(0.17),0.337,Dolomite__R0...(0.13)+Dolomite__R0...(0.69)+Dolomite__R0...(0.00)+Dolomite__R0...(0.00)+Kimuraite-(Y...(0.17),0.337,Dolomite__R0...(0.13)+Dolomite__R0...(0.69)+Dolomite__R0...(0.00)+Dolomite__R0...(0.00)+Kimuraite-(Y...(0.17),0.337,Dolomite__R0...(0.13)+Dolomite__R0...(0.69)+Dolomite__R0...(0.00)+Dolomite__R0...(0.00)+Kimuraite-(Y...(0.17),0.337,Dolomite__R0...(0.13)+Dolomite__R0...(0.69)+Dolomite__R0...(0.00)+Dolomite__R0...(0.00)+Kimuraite-(Y...(0.17),0.337,Dolomite__R0...(0.13)+Dolomite__R0...(0.69)+Dolomite__R0...(0.00)+Dolomite__R0...(0.00)+Kimuraite-(Y...(0.17),0.337,
serpentinite-3(50%),dolomitic-3,0.429,dolomitic-2,0.420,Sahamalite-(Ce)__R08...,0.405,Sahamalite-(Ce)__R08...,0.405,Dolomite__R050357__R...,0.403,Dolomite__R050357__R...,0.403,Dolomite__R050370__R...,0.402,Dolomite__R050370__R...,0.402,Dolomite__R040030__R...,0.400,Dolomite__R040030__R...,0.400,Dolomite__R050357__R...,0.397,Dolomite__R050357__R...,0.397,Dolomite__R040030__R...,0.396,Dolomite__R040030__R...,0.396,Dolomite__R050357__R...,0.394,Dolomite__R050370__R...,0.394,Dolomite__R050357__R...,0.394,Dolomite__R050370__R...,0.394,Sahamalite-(Ce)__R08...,0.393,Sahamalite-(Ce)__R08...,0.392,dolomitic-1,0.392,Dolomite__R100118__R...,0.388,Dolomite__R100118__R...,0.388,Dolomite__R050272__R...,0.387,Dolomite__R050272__R...,0.387,Dolomite__R100168__R...,0.380,Dolomite__R100168__R...,0.380,Dolomite__R050241__R...,0.380,Dolomite__R050241__R...,0.380,Dolomite__R100168__R...,0.375,dolomitic-2(0.35)+Sahamalite-(...(0.00)+Dolomite__R0...(0.65),0.455,dolomitic-2(0.35)+Sahamalite-(...(0.00)+Dolomite__R0...(0.65),0.455,dolomitic-2(0.35)+Sahamalite-(...(0.00)+Dolomite__R0...(0.65),0.455,dolomitic-2(0.35)+Sahamalite-(...(0.00)+Dolomite__R0...(0.65),0.455,dolomitic-2(0.27)+Sahamalite-(...(0.34)+Dolomite__R0...(0.40),0.448,dolomitic-2(0.27)+Sahamalite-(...(0.34)+Dolomite__R0...(0.40),0.448,dolomitic-2(0.27)+Sahamalite-(...(0.34)+Dolomite__R0...(0.39),0.448,dolomitic-2(0.27)+Sahamalite-(...(0.34)+Dolomite__R0...(0.39),0.448,dolomitic-2(0.30)+Dolomite__R0...(0.51)+Dolomite__R0...(0.19),0.447,dolomitic-2(0.30)+Dolomite__R0...(0.51)+Dolomite__R0...(0.20),0.447,dolomitic-2(0.35)+Dolomite__R0...(0.65),0.446,dolomitic-2(0.35)+Dolomite__R0...(0.00)+Dolomite__R0...(0.65),0.446,dolomitic-2(0.35)+Dolomite__R0...(0.00)+Dolomite__R0...(0.65),0.446,dolomitic-2(0.35)+Dolomite__R0...(0.65)+Dolomite__R0...(0.00),0.446,dolomitic-2(0.35)+Dolomite__R0...(0.00)+Dolomite__R0...(0.65),0.446,dolomitic-2(0.35)+Dolomite__R0...(0.65)+Dolomite__R0...(0.00),0.446,dolomitic-2(0.35)+Dolomite__R0...(0.65)+Dolomite__R0...(0.00),0.446,dolomitic-2(0.35)+Dolomite__R0...(0.65)+Dolomite__R0...(0.00),0.446,dolomitic-2(0.35)+Dolomite__R0...(0.65)+Dolomite__R0...(0.00),0.446,dolomitic-2(0.35)+Dolomite__R0...(0.65)+Dolomite__R0...(0.00),0.446,dolomitic-2(0.35)+Dolomite__R0...(0.65),0.446,dolomitic-2(0.35)+Dolomite__R0...(0.00)+Dolomite__R0...(0.65),0.446,dolomitic-2(0.35)+Dolomite__R0...(0.00)+Dolomite__R0...(0.65),0.446,dolomitic-2(0.35)+Dolomite__R0...(0.65)+Dolomite__R0...(0.00),0.446,dolomitic-2(0.35)+Dolomite__R0...(0.65)+Dolomite__R0...(0.00),0.446,dolomitic-2(0.35)+Dolomite__R0...(0.65)+Dolomite__R0...(0.00),0.446,dolomitic-2(0.35)+Dolomite__R0...(0.65)+Dolomite__R0...(0.00),0.446,dolomitic-2(0.35)+Dolomite__R0...(0.65)+Dolomite__R0...(0.00),0.446,dolomitic-2(0.35)+Dolomite__R0...(0.65)+Dolomite__R0...(0.00),0.446,dolomitic-3(0.35)+Dolomite__R0...(0.42)+Dolomite__R0...(0.23),0.445,
serpentinite-4,dolomitic-2,0.446,Sahamalite-(Ce)__R08...,0.435,Sahamalite-(Ce)__R08...,0.435,dolomitic-3,0.432,Dolomite__R050357__R...,0.420,Dolomite__R050357__R...,0.420,Dolomite__R040030__R...,0.420,Dolomite__R040030__R...,0.420,Dolomite__R040030__R...,0.418,Dolomite__R040030__R...,0.418,Dolomite__R100118__R...,0.417,Dolomite__R050357__R...,0.412,Sahamalite-(Ce)__R08...,0.412,Dolomite__R050357__R...,0.412,Sahamalite-(Ce)__R08...,0.411,Dolomite__R050357__R...,0.408,Dolomite__R050357__R...,0.408,Dolomite__R050241__R...,0.405,Dolomite__R050241__R...,0.404,Dolomite__R040030__R...,0.404,Dolomite__R040030__R...,0.403,Dolomite__R050370__R...,0.400,Dolomite__R100118__R...,0.400,Dolomite__R100168__R...,0.397,Dolomite__R100168__R...,0.397,serpentine-1,0.395,Dolomite__R050241__R...,0.393,Dolomite__R100118__R...,0.393,Dolomite__R050241__R...,0.392,Dolomite__R100168__R...,0.389,dolomitic-2(0.95)+Sahamalite-(...(0.05),0.474,dolomitic-2(0.95)+Sahamalite-(...(0.05)+Sahamalite-(...(0.00),0.474,dolomitic-2(0.95)+Sahamalite-(...(0.05),0.474,dolomitic-2(0.95)+Sahamalite-(...(0.00)+Sahamalite-(...(0.05),0.465,dolomitic-2(0.95)+Sahamalite-(...(0.00)+Sahamalite-(...(0.05),0.465,dolomitic-2(0.95)+Dolomite__R0...(0.00)+Sahamalite-(...(0.05),0.465,dolomitic-2(0.95)+Dolomite__R0...(0.00)+Sahamalite-(...(0.05),0.465,dolomitic-2(0.95)+Dolomite__R0...(0.00)+Sahamalite-(...(0.05),0.465,dolomitic-2(0.95)+Sahamalite-(...(0.05)+Dolomite__R0...(0.00),0.465,dolomitic-2(0.95)+Sahamalite-(...(0.00)+Sahamalite-(...(0.00)+Sahamalite-(...(0.05),0.465,dolomitic-3(0.80)+Sahamalite-(...(0.20),0.464,dolomitic-3(0.80)+Sahamalite-(...(0.20),0.464,dolomitic-2(0.95)+Dolomite__R0...(0.00)+Sahamalite-(...(0.05),0.461,dolomitic-2(0.95)+Dolomite__R0...(0.00)+Sahamalite-(...(0.05),0.461,dolomitic-2(0.95)+Sahamalite-(...(0.00)+Sahamalite-(...(0.05),0.461,dolomitic-2(0.95)+Sahamalite-(...(0.00)+Sahamalite-(...(0.05),0.461,dolomitic-2(0.95)+Dolomite__R0...(0.00)+Sahamalite-(...(0.05),0.461,dolomitic-2(0.95)+Dolomite__R0...(0.00)+Sahamalite-(...(0.05),0.461,dolomitic-2(0.95)+Dolomite__R0...(0.00)+Sahamalite-(...(0.05),0.461,dolomitic-2(0.95)+Dolomite__R0...(0.00)+Sahamalite-(...(0.05),0.461,dolomitic-2(0.95)+Sahamalite-(...(0.00)+Sahamalite-(...(0.00)+Sahamalite-(...(0.05),0.461,dolomitic-2(0.95)+Dolomite__R0...(0.00)+Sahamalite-(...(0.05),0.458,dolomitic-2(0.95)+Dolomite__R0...(0.00)+Sahamalite-(...(0.05),0.458,dolomitic-2(0.95)+Sahamalite-(...(0.00)+Sahamalite-(...(0.05)+Sahamalite-(...(0.00),0.458,dolomitic-2(0.95)+Sahamalite-(...(0.00)+Sahamalite-(...(0.05)+Sahamalite-(...(0.00),0.458,dolomitic-2(0.95)+Sahamalite-(...(0.00)+Sahamalite-(...(0.00)+Sahamalite-(...(0.05)+Sahamalite-(...(0.00),0.458,dolomitic-2(0.95)+Dolomite__R0...(0.00)+Sahamalite-(...(0.05),0.458,dolomitic-2(0.95)+Dolomite__R0...(0.00)+Sahamalite-(...(0.05),0.458,dolomitic-2(1.00)+Sahamalite-(...(0.00),0.457,dolomitic-2(1.00)+Sahamalite-(...(0.00),0.457,
serpentinite-5,serpentine-4,0.734,serpentine-2,0.589,serpentine-1,0.552,Boleite__R130099__Ra...,0.482,Hulsite__R130016__Ra...,0.475,magnesite-3,0.474,magnesite-1,0.446,Brookite__R130225__R...,0.440,Pseudoboleite__R1305...,0.429,Brendelite__R130059_...,0.421,Pseudoboleite__R1305...,0.419,Glaucophane__R120002...,0.419,Korobitsynite__R1101...,0.419,Tyrrellite__R060481_...,0.415,Artinite__R060166__R...,0.412,Veenite__R130407__Ra...,0.406,Boleite__R130099__Ra...,0.406,serpentine-3,0.396,Waylandite__R130361_...,0.393,talc-2,0.385,talc-4,0.378,Bjarebyite__R130107_...,0.374,Lizardite__R060006__...,0.371,Wakabayashilite__R15...,0.369,Apuanite__R060674__R...,0.369,Tridymite__R160073__...,0.366,Chrysotile__R070355_...,0.366,Penkvilksite__R13002...,0.365,Chrysotile__R070355_...,0.362,Erionite-Ca__R061110...,0.360,serpentine-4(1.00),0.731,serpentine-4(1.00)+Tyrrellite__...(0.00),0.699,serpentine-4(1.00)+Korobitsynit...(0.00),0.676,serpentine-4(1.00)+Glaucophane_...(0.00),0.676,serpentine-4(1.00)+Glaucophane_...(0.00)+Korobitsynit...(0.00),0.676,serpentine-4(1.00)+magnesite-1(0.00),0.666,serpentine-4(1.00)+Hulsite__R13...(0.00),0.649,serpentine-4(1.00)+Boleite__R13...(0.00),0.643,serpentine-4(1.00)+Pseudoboleit...(0.00),0.638,serpentine-4(1.00)+magnesite-3(0.00),0.634,serpentine-4(0.88)+Artinite__R0...(0.12),0.626,serpentine-4(1.00)+Brookite__R1...(0.00),0.620,serpentine-4(1.00)+Pseudoboleit...(0.00),0.614,serpentine-4(1.00)+Brendelite__...(0.00),0.611,serpentine-4(1.00)+Korobitsynit...(0.00)+Tyrrellite__...(0.00),0.611,serpentine-4(1.00)+Glaucophane_...(0.00)+Tyrrellite__...(0.00),0.611,serpentine-2(0.96)+Hulsite__R13...(0.04),0.603,serpentine-4(1.00)+magnesite-1(0.00)+Tyrrellite__...(0.00),0.601,serpentine-2(0.94)+Tyrrellite__...(0.06),0.597,serpentine-2(1.00)+Pseudoboleit...(0.00),0.597,serpentine-2(0.99)+Korobitsynit...(0.01),0.586,serpentine-2(0.99)+Glaucophane_...(0.01),0.586,serpentine-2(0.99)+Glaucophane_...(0.01)+Korobitsynit...(0.00),0.586,serpentine-4(1.00)+Hulsite__R13...(0.00)+Tyrrellite__...(0.00),0.586,serpentine-4(1.00)+Boleite__R13...(0.00)+Tyrrellite__...(0.00),0.585,serpentine-2(1.00),0.584,serpentine-2(0.98)+Boleite__R13...(0.02),0.583,serpentine-4(1.00)+magnesite-1(0.00)+Glaucophane_...(0.00),0.581,serpentine-4(1.00)+magnesite-1(0.00)+Korobitsynit...(0.00),0.581,serpentine-4(1.00)+Pseudoboleit...(0.00)+Tyrrellite__...(0.00),0.580,
serpentinite-6,dolomitic-2,0.593,dolomitic-3,0.511,Dolomite__R050357__R...,0.491,Dolomite__R050357__R...,0.491,dolomitic-1,0.483,Dolomite__R040030__R...,0.473,Dolomite__R040030__R...,0.473,Dolomite__R050370__R...,0.472,Dolomite__R050370__R...,0.470,Dolomite__R050357__R...,0.468,Dolomite__R050357__R...,0.468,Dolomite__R050370__R...,0.466,Dolomite__R050370__R...,0.465,Sahamalite-(Ce)__R08...,0.465,Sahamalite-(Ce)__R08...,0.464,Dolomite__R040030__R...,0.461,Dolomite__R040030__R...,0.461,Dolomite__R040030__R...,0.460,Dolomite__R040030__R...,0.460,Dolomite__R050272__R...,0.459,Dolomite__R050272__R...,0.459,Dolomite__R050241__R...,0.456,dolomitic-4,0.455,Dolomite__R100118__R...,0.454,Dolomite__R050241__R...,0.454,Dolomite__R050241__R...,0.452,Dolomite__R050241__R...,0.452,Dolomite__R050357__R...,0.452,Dolomite__R050357__R...,0.452,Dolomite__R100118__R...,0.452,dolomitic-2(1.00),0.591,dolomitic-2(0.40)+Dolomite__R0...(0.60),0.588,dolomitic-2(0.41)+Dolomite__R0...(0.59),0.588,dolomitic-2(0.40)+Dolomite__R0...(0.49)+Dolomite__R0...(0.11),0.581,dolomitic-2(0.51)+Dolomite__R0...(0.49),0.578,dolomitic-2(0.51)+Dolomite__R0...(0.49)+Dolomite__R0...(0.00),0.578,dolomitic-2(0.51)+Dolomite__R0...(0.49),0.578,dolomitic-2(0.58)+Sahamalite-(...(0.42),0.577,dolomitic-2(0.58)+Sahamalite-(...(0.42)+Sahamalite-(...(0.00),0.577,dolomitic-2(0.58)+Sahamalite-(...(0.42),0.577,dolomitic-2(0.56)+Dolomite__R0...(0.44),0.577,dolomitic-2(0.56)+Dolomite__R0...(0.44)+Dolomite__R0...(0.00),0.577,dolomitic-2(0.56)+Dolomite__R0...(0.44),0.577,dolomitic-2(0.41)+Dolomite__R0...(0.59),0.575,dolomitic-2(0.42)+Dolomite__R0...(0.58),0.575,dolomitic-2(0.41)+Dolomite__R0...(0.59)+Dolomite__R0...(0.00),0.569,dolomitic-2(0.44)+Dolomite__R0...(0.56),0.566,dolomitic-2(0.44)+Dolomite__R0...(0.56)+Dolomite__R0...(0.00),0.566,dolomitic-2(0.44)+Dolomite__R0...(0.56),0.566,dolomitic-2(0.40)+Dolomite__R0...(0.00)+Dolomite__R0...(0.60),0.545,dolomitic-2(0.40)+Dolomite__R0...(0.00)+Dolomite__R0...(0.60),0.545,dolomitic-2(0.40)+Dolomite__R0...(0.60)+Dolomite__R0...(0.00),0.545,dolomitic-2(0.40)+Dolomite__R0...(0.60)+Dolomite__R0...(0.00),0.545,dolomitic-2(0.40)+Dolomite__R0...(0.60)+Sahamalite-(...(0.00),0.545,dolomitic-2(0.40)+Dolomite__R0...(0.60)+Sahamalite-(...(0.00),0.545,dolomitic-2(0.40)+Dolomite__R0...(0.00)+Dolomite__R0...(0.00)+Dolomite__R0...(0.60),0.545,dolomitic-2(0.41)+Dolomite__R0...(0.00)+Dolomite__R0...(0.59),0.545,dolomitic-2(0.41)+Dolomite__R0...(0.00)+Dolomite__R0...(0.59),0.545,dolomitic-2(0.41)+Dolomite__R0...(0.59)+Dolomite__R0...(0.00),0.545,dolomitic-2(0.41)+Dolomite__R0...(0.59)+Sahamalite-(...(0.00),0.545,
